<?xml version="1.0" encoding="utf-8"?>
<!--/14045088/1139800/2.50/6/3/Filter/-->
<quadcept_library>
  <setting unit="mil" />
  <textstyle name="Default" height="47.244094488189" strokewidth="7.8740157480315" charwidth="47.244094488189" />
  <textstyle name="Dimension" height="19.6850393700787" strokewidth="0" charwidth="19.6850393700787" />
  <textstyle name="H127W0635TH00762" height="50" strokewidth="3" charwidth="25" />
  <textstyle name="H15W15TH02" height="59.0551181102362" strokewidth="7.8740157480315" charwidth="59.0551181102362" />
  <padstyle name="r152_76" surface="True" plated="False" isvia="False" nopaste="False" nomask="True" complex="False" holesize="0">
    <padshape layer="TOP" shape="rectangle" width="29.921259842519" height="59.842519685039" />
    <padshape layer="TOP_SOLDER_MASK" shape="rectangle" width="37.795275590551" height="67.71653543307" />
    <padshape layer="TOP_SOLDER_PASTE" shape="rectangle" width="29.921259842519" height="59.842519685039" />
  </padstyle>
  <footprint name="BFTC415" originx="0" originy="0" pickpointx="0" pickpointy="0">
    <pcbpin number="1" name="1" style="r152_76" originx="-49.999999999999" originy="-62.007874015747" rotation="0" />
    <pcbpin number="2" name="2" style="r152_76" originx="0" originy="-62.007874015747" rotation="0" />
    <pcbpin number="3" name="3" style="r152_76" originx="49.999999999999" originy="-62.007874015747" rotation="0" />
    <pcbpin number="4" name="4" style="r152_76" originx="49.999999999999" originy="62.007874015747" rotation="0" />
    <pcbpin number="5" name="5" style="r152_76" originx="0" originy="62.007874015747" rotation="0" />
    <pcbpin number="6" name="6" style="r152_76" originx="-49.999999999999" originy="62.007874015747" rotation="0" />
    <line layer="TOP_ASSEMBLY" originx="-74.999999999999" originy="74.999999999999" endx="74.999999999999" endy="74.999999999999" width="3.9370078740157" />
    <line layer="TOP_ASSEMBLY" originx="74.999999999999" originy="74.999999999999" endx="74.999999999999" endy="-74.999999999999" width="3.9370078740157" />
    <line layer="TOP_ASSEMBLY" originx="74.999999999999" originy="-74.999999999999" endx="-74.999999999999" endy="-74.999999999999" width="3.9370078740157" />
    <line layer="TOP_ASSEMBLY" originx="-74.999999999999" originy="-74.999999999999" endx="-74.999999999999" endy="74.999999999999" width="3.9370078740157" />
    <line layer="TOP_PLACE_BOUND" originx="-114.37007874016" originy="131.29921259842" endx="114.37007874016" endy="131.29921259842" width="3.9370078740157" />
    <line layer="TOP_PLACE_BOUND" originx="114.37007874016" originy="131.29921259842" endx="114.37007874016" endy="-131.29921259842" width="3.9370078740157" />
    <line layer="TOP_PLACE_BOUND" originx="114.37007874016" originy="-131.29921259842" endx="-114.37007874016" endy="-131.29921259842" width="3.9370078740157" />
    <line layer="TOP_PLACE_BOUND" originx="-114.37007874016" originy="-131.29921259842" endx="-114.37007874016" endy="131.29921259842" width="3.9370078740157" />
    <line layer="TOP_SILKSCREEN" originx="-74.999999999999" originy="23.622047244094" endx="-74.999999999999" endy="-23.622047244094" width="7.8740157480314" />
    <line layer="TOP_SILKSCREEN" originx="74.999999999999" originy="23.622047244094" endx="74.999999999999" endy="-23.622047244094" width="7.8740157480314" />
    <line layer="TOP_SILKSCREEN" originx="-49.999999999999" originy="-118.11023622047" endx="-49.999999999999" endy="-118.11023622047" width="7.8740157480314" />
    <arc layer="TOP_SILKSCREEN" originx="-49.999999999999" originy="-116.14173228346" startangle="-90.0" sweepangle="180.0" radius="1.9685039370079" width="7.8740157480314" />
    <line layer="TOP_SILKSCREEN" originx="-49.999999999999" originy="-114.17322834646" endx="-49.999999999999" endy="-114.17322834646" width="7.8740157480314" />
    <arc layer="TOP_SILKSCREEN" originx="-49.999999999999" originy="-116.14173228346" startangle="90.0" sweepangle="180.0" radius="1.9685039370079" width="7.8740157480314" />
    <line layer="TOP_SILKSCREEN" originx="-49.999999999999" originy="-118.11023622047" endx="-49.999999999999" endy="-118.11023622047" width="7.8740157480314" />
    <arc layer="TOP_SILKSCREEN" originx="-49.999999999999" originy="-116.14173228346" startangle="-90.0" sweepangle="180.0" radius="1.9685039370079" width="7.8740157480314" />
  </footprint>
  <symbol name="BFTC-415+" originx="0" originy="0">
    <line originx="200" originy="100" endx="1300" endy="100" width="0" />
    <line originx="1300" originy="-300" endx="1300" endy="100" width="0" />
    <line originx="1300" originy="-300" endx="200" endy="-300" width="0" />
    <line originx="200" originy="100" endx="200" endy="-300" width="0" />
    <sympin number="1" originx="200" originy="0" rotation="180" length="100" width="7.8740157480315" flipped="False">
      <text name="pinname" originx="230" originy="0" style="Default" rotation="0" justify="left" flipped="False" hidden="False" data="GROUND_1" />
      <text name="pindes" originx="140" originy="20" style="Default" rotation="0" justify="lowerright" flipped="False" hidden="False" data="1" />
    </sympin>
    <sympin number="2" originx="200" originy="-100" rotation="180" length="100" width="7.8740157480315" flipped="False">
      <text name="pinname" originx="230" originy="-100" style="Default" rotation="0" justify="left" flipped="False" hidden="False" data="RF_IN" />
      <text name="pindes" originx="140" originy="-80" style="Default" rotation="0" justify="lowerright" flipped="False" hidden="False" data="2" />
    </sympin>
    <sympin number="3" originx="200" originy="-200" rotation="180" length="100" width="7.8740157480315" flipped="False">
      <text name="pinname" originx="230" originy="-200" style="Default" rotation="0" justify="left" flipped="False" hidden="False" data="GROUND_2" />
      <text name="pindes" originx="140" originy="-180" style="Default" rotation="0" justify="lowerright" flipped="False" hidden="False" data="3" />
    </sympin>
    <sympin number="4" originx="1300" originy="-200" rotation="0" length="100" width="7.8740157480315" flipped="False">
      <text name="pinname" originx="1270" originy="-200" style="Default" rotation="0" justify="right" flipped="False" hidden="False" data="GROUND_3" />
      <text name="pindes" originx="1360" originy="-180" style="Default" rotation="0" justify="lowerleft" flipped="False" hidden="False" data="4" />
    </sympin>
    <sympin number="5" originx="1300" originy="-100" rotation="0" length="100" width="7.8740157480315" flipped="False">
      <text name="pinname" originx="1270" originy="-100" style="Default" rotation="0" justify="right" flipped="False" hidden="False" data="RF_OUT" />
      <text name="pindes" originx="1360" originy="-80" style="Default" rotation="0" justify="lowerleft" flipped="False" hidden="False" data="5" />
    </sympin>
    <sympin number="6" originx="1300" originy="0" rotation="0" length="100" width="7.8740157480315" flipped="False">
      <text name="pinname" originx="1270" originy="0" style="Default" rotation="0" justify="right" flipped="False" hidden="False" data="GROUND_4" />
      <text name="pindes" originx="1360" originy="20" style="Default" rotation="0" justify="lowerleft" flipped="False" hidden="False" data="6" />
    </sympin>
  </symbol>
  <component name="BFTC-415+" designatorprefix="FL" height="59.055118110235" footprint="BFTC415">
    <comppin designator="1" sympin="1" pinswap="0" gateswap="0" gate="1" group="1" side="" type="Any" name="GROUND_1" />
    <comppin designator="2" sympin="2" pinswap="0" gateswap="0" gate="1" group="1" side="" type="Any" name="RF_IN" />
    <comppin designator="3" sympin="3" pinswap="0" gateswap="0" gate="1" group="1" side="" type="Any" name="GROUND_2" />
    <comppin designator="4" sympin="4" pinswap="0" gateswap="0" gate="1" group="1" side="" type="Any" name="GROUND_3" />
    <comppin designator="5" sympin="5" pinswap="0" gateswap="0" gate="1" group="1" side="" type="Any" name="RF_OUT" />
    <comppin designator="6" sympin="6" pinswap="0" gateswap="0" gate="1" group="1" side="" type="Any" name="GROUND_4" />
    <attached_symbol gate="1" name="BFTC-415+" />
    <pinmap designator="1" footprintpin="1" />
    <pinmap designator="2" footprintpin="2" />
    <pinmap designator="3" footprintpin="3" />
    <pinmap designator="4" footprintpin="4" />
    <pinmap designator="5" footprintpin="5" />
    <pinmap designator="6" footprintpin="6" />
    <text name="Datasheet" originx="0" originy="0" style="Default" rotation="0" justify="" flipped="False" hidden="True" data="https://www.minicircuits.com/pdfs/BFTC-415 .pdf" />
    <text name="Description" originx="0" originy="0" style="Default" rotation="0" justify="" flipped="False" hidden="True" data="Ceramic Bandpass Filter 50 330 to 500 MHz" />
    <text name="Mouser Part Number" originx="0" originy="0" style="Default" rotation="0" justify="" flipped="False" hidden="True" data="" />
    <text name="Mouser Price/Stock" originx="0" originy="0" style="Default" rotation="0" justify="" flipped="False" hidden="True" data="" />
    <text name="Manufacturer_Name" originx="0" originy="0" style="Default" rotation="0" justify="" flipped="False" hidden="True" data="Mini-Circuits" />
    <text name="Manufacturer_Part_Number" originx="1350" originy="200" style="Default" rotation="0" justify="left" flipped="False" hidden="False" data="BFTC-415+" />
  </component>
</quadcept_library>
