<?xml version="1.0" encoding="utf-8"?>
<!--/2252572/1139800/2.50/3/3/Switch/-->
<quadcept_library>
  <setting unit="mil" />
  <textstyle name="Default" height="47.244094488189" strokewidth="7.8740157480315" charwidth="47.244094488189" />
  <textstyle name="Dimension" height="19.6850393700787" strokewidth="0" charwidth="19.6850393700787" />
  <textstyle name="H127W0635TH00762" height="50" strokewidth="3" charwidth="25" />
  <textstyle name="H15W15TH02" height="59.0551181102362" strokewidth="7.8740157480315" charwidth="59.0551181102362" />
  <padstyle name="c180_h120" surface="False" plated="True" isvia="False" nopaste="True" nomask="True" complex="False" holesize="47.244094488188">
    <padshape layer="TOP" shape="round" width="70.866141732283" height="70.866141732283" />
    <padshape layer="TOP_SOLDER_MASK" shape="round" width="78.740157480314" height="78.740157480314" />
    <padshape layer="INNER" shape="round" width="70.866141732283" height="70.866141732283" />
    <padshape layer="BOTTOM" shape="round" width="70.866141732283" height="70.866141732283" />
    <padshape layer="BOTTOM_SOLDER_MASK" shape="round" width="78.740157480314" height="78.740157480314" />
  </padstyle>
  <padstyle name="s180_h120" surface="False" plated="True" isvia="False" nopaste="True" nomask="True" complex="False" holesize="47.244094488188">
    <padshape layer="TOP" shape="square" width="70.866141732283" height="70.866141732283" />
    <padshape layer="TOP_SOLDER_MASK" shape="square" width="78.740157480314" height="78.740157480314" />
    <padshape layer="INNER" shape="square" width="70.866141732283" height="70.866141732283" />
    <padshape layer="BOTTOM" shape="square" width="70.866141732283" height="70.866141732283" />
    <padshape layer="BOTTOM_SOLDER_MASK" shape="square" width="78.740157480314" height="78.740157480314" />
  </padstyle>
  <footprint name="D2FA1" originx="0" originy="0" pickpointx="0" pickpointy="0">
    <pcbpin number="1" name="1" style="s180_h120" originx="0" originy="0" rotation="90" />
    <pcbpin number="2" name="2" style="c180_h120" originx="200" originy="0" rotation="90" />
    <pcbpin number="3" name="3" style="c180_h120" originx="400" originy="0" rotation="90" />
    <line layer="TOP_ASSEMBLY" originx="-51.968503937007" originy="366.14173228346" endx="451.968503937" endy="366.14173228346" width="3.9370078740157" />
    <line layer="TOP_ASSEMBLY" originx="451.968503937" originy="366.14173228346" endx="451.968503937" endy="110.23622047244" width="3.9370078740157" />
    <line layer="TOP_ASSEMBLY" originx="451.968503937" originy="110.23622047244" endx="-51.968503937007" endy="110.23622047244" width="3.9370078740157" />
    <line layer="TOP_ASSEMBLY" originx="-51.968503937007" originy="110.23622047244" endx="-51.968503937007" endy="366.14173228346" width="3.9370078740157" />
    <line layer="TOP_SILKSCREEN" originx="-51.968503937007" originy="366.14173228346" endx="451.968503937" endy="366.14173228346" width="7.8740157480314" />
    <line layer="TOP_SILKSCREEN" originx="451.968503937" originy="366.14173228346" endx="451.968503937" endy="110.23622047244" width="7.8740157480314" />
    <line layer="TOP_SILKSCREEN" originx="451.968503937" originy="110.23622047244" endx="-51.968503937007" endy="110.23622047244" width="7.8740157480314" />
    <line layer="TOP_SILKSCREEN" originx="-51.968503937007" originy="110.23622047244" endx="-51.968503937007" endy="366.14173228346" width="7.8740157480314" />
    <line layer="TOP_PLACE_BOUND" originx="-91.338582677164" originy="405.51181102362" endx="491.33858267716" endy="405.51181102362" width="3.9370078740157" />
    <line layer="TOP_PLACE_BOUND" originx="491.33858267716" originy="405.51181102362" endx="491.33858267716" endy="-74.803149606298" width="3.9370078740157" />
    <line layer="TOP_PLACE_BOUND" originx="491.33858267716" originy="-74.803149606298" endx="-91.338582677164" endy="-74.803149606298" width="3.9370078740157" />
    <line layer="TOP_PLACE_BOUND" originx="-91.338582677164" originy="-74.803149606298" endx="-91.338582677164" endy="405.51181102362" width="3.9370078740157" />
    <line layer="TOP_SILKSCREEN" originx="-66.929133858267" originy="0" endx="-66.929133858267" endy="0" width="3.9370078740157" />
    <arc layer="TOP_SILKSCREEN" originx="-68.897637795275" originy="0" startangle=".0" sweepangle="180.0" radius="1.9685039370079" width="3.9370078740157" />
    <line layer="TOP_SILKSCREEN" originx="-70.866141732283" originy="0" endx="-70.866141732283" endy="0" width="3.9370078740157" />
    <arc layer="TOP_SILKSCREEN" originx="-68.897637795275" originy="0" startangle="-180.0" sweepangle="180.0" radius="1.9685039370079" width="3.9370078740157" />
  </footprint>
  <symbol name="D2F-A1" originx="0" originy="0">
    <line originx="200" originy="100" endx="700" endy="100" width="0" />
    <line originx="700" originy="-300" endx="700" endy="100" width="0" />
    <line originx="700" originy="-300" endx="200" endy="-300" width="0" />
    <line originx="200" originy="100" endx="200" endy="-300" width="0" />
    <sympin number="1" originx="200" originy="0" rotation="180" length="100" width="7.8740157480315" flipped="False">
      <text name="pinname" originx="230" originy="0" style="Default" rotation="0" justify="left" flipped="False" hidden="False" data="COM" />
      <text name="pindes" originx="140" originy="20" style="Default" rotation="0" justify="lowerright" flipped="False" hidden="False" data="1" />
    </sympin>
    <sympin number="2" originx="200" originy="-100" rotation="180" length="100" width="7.8740157480315" flipped="False">
      <text name="pinname" originx="230" originy="-100" style="Default" rotation="0" justify="left" flipped="False" hidden="False" data="NO" />
      <text name="pindes" originx="140" originy="-80" style="Default" rotation="0" justify="lowerright" flipped="False" hidden="False" data="2" />
    </sympin>
    <sympin number="3" originx="200" originy="-200" rotation="180" length="100" width="7.8740157480315" flipped="False">
      <text name="pinname" originx="230" originy="-200" style="Default" rotation="0" justify="left" flipped="False" hidden="False" data="NC" />
      <text name="pindes" originx="140" originy="-180" style="Default" rotation="0" justify="lowerright" flipped="False" hidden="False" data="3" />
    </sympin>
  </symbol>
  <component name="D2F-A1" designatorprefix="S" height="234.25196850393" footprint="D2FA1">
    <comppin designator="1" sympin="1" pinswap="0" gateswap="0" gate="1" group="1" side="" type="Any" name="COM" />
    <comppin designator="2" sympin="2" pinswap="0" gateswap="0" gate="1" group="1" side="" type="Any" name="NO" />
    <comppin designator="3" sympin="3" pinswap="0" gateswap="0" gate="1" group="1" side="" type="Any" name="NC" />
    <attached_symbol gate="1" name="D2F-A1" />
    <pinmap designator="1" footprintpin="1" />
    <pinmap designator="2" footprintpin="2" />
    <pinmap designator="3" footprintpin="3" />
    <text name="Datasheet" originx="0" originy="0" style="Default" rotation="0" justify="" flipped="False" hidden="True" data="https://omronfs.omron.com/en_US/ecb/products/pdf/en-d2f.pdf" />
    <text name="Description" originx="0" originy="0" style="Default" rotation="0" justify="" flipped="False" hidden="True" data="SPDT-NO/NC Pin Plunger Microswitch, 3 A @ 125 V ac" />
    <text name="Mouser Part Number" originx="0" originy="0" style="Default" rotation="0" justify="" flipped="False" hidden="True" data="653-D2F-A1" />
    <text name="Mouser Price/Stock" originx="0" originy="0" style="Default" rotation="0" justify="" flipped="False" hidden="True" data="https://www.mouser.co.uk/ProductDetail/Omron-Electronics/D2F-A1?qs=qyG%2FS5Z4lv3sVHfQRjBE%2FQ%3D%3D" />
    <text name="Manufacturer_Name" originx="0" originy="0" style="Default" rotation="0" justify="" flipped="False" hidden="True" data="Omron Electronics" />
    <text name="Manufacturer_Part_Number" originx="750" originy="200" style="Default" rotation="0" justify="left" flipped="False" hidden="False" data="D2F-A1" />
  </component>
</quadcept_library>
