<?xml version="1.0" encoding="utf-8"?>
<!--/12339449/1139800/2.50/4/4/Integrated Circuit/-->
<quadcept_library>
  <setting unit="mil" />
  <textstyle name="Default" height="47.244094488189" strokewidth="7.8740157480315" charwidth="47.244094488189" />
  <textstyle name="Dimension" height="19.6850393700787" strokewidth="0" charwidth="19.6850393700787" />
  <textstyle name="H127W0635TH00762" height="50" strokewidth="3" charwidth="25" />
  <textstyle name="H15W15TH02" height="59.0551181102362" strokewidth="7.8740157480315" charwidth="59.0551181102362" />
  <padstyle name="r131_55" surface="True" plated="False" isvia="False" nopaste="False" nomask="True" complex="False" holesize="0">
    <padshape layer="TOP" shape="rectangle" width="21.653543307086" height="51.574803149606" />
    <padshape layer="TOP_SOLDER_MASK" shape="rectangle" width="29.527559055118" height="59.448818897637" />
    <padshape layer="TOP_SOLDER_PASTE" shape="rectangle" width="21.653543307086" height="51.574803149606" />
  </padstyle>
  <padstyle name="r131_94" surface="True" plated="False" isvia="False" nopaste="False" nomask="True" complex="False" holesize="0">
    <padshape layer="TOP" shape="rectangle" width="37.007874015748" height="51.574803149606" />
    <padshape layer="TOP_SOLDER_MASK" shape="rectangle" width="44.881889763779" height="59.448818897637" />
    <padshape layer="TOP_SOLDER_PASTE" shape="rectangle" width="37.007874015748" height="51.574803149606" />
  </padstyle>
  <footprint name="MAX2611EUST" originx="0" originy="0" pickpointx="0" pickpointy="0">
    <pcbpin number="1" name="1" style="r131_94" originx="0" originy="-39.370078740157" rotation="0" />
    <pcbpin number="2" name="2" style="r131_55" originx="67.913385826771" originy="-39.370078740157" rotation="0" />
    <pcbpin number="3" name="3" style="r131_55" originx="67.913385826771" originy="39.370078740157" rotation="0" />
    <pcbpin number="4" name="4" style="r131_55" originx="-7.6771653543306" originy="39.370078740157" rotation="0" />
    <line layer="TOP_ASSEMBLY" originx="-27.362204724409" originy="-25.590551181102" endx="87.598425196849" endy="-25.590551181102" width="7.8740157480314" />
    <line layer="TOP_ASSEMBLY" originx="87.598425196849" originy="-25.590551181102" endx="87.598425196849" endy="25.590551181102" width="7.8740157480314" />
    <line layer="TOP_ASSEMBLY" originx="87.598425196849" originy="25.590551181102" endx="-27.362204724409" endy="25.590551181102" width="7.8740157480314" />
    <line layer="TOP_ASSEMBLY" originx="-27.362204724409" originy="25.590551181102" endx="-27.362204724409" endy="-25.590551181102" width="7.8740157480314" />
    <line layer="TOP_SILKSCREEN" originx="-27.362204724409" originy="25.590551181102" endx="-27.362204724409" endy="25.590551181102" width="3.9370078740157" />
    <line layer="TOP_SILKSCREEN" originx="-27.362204724409" originy="25.590551181102" endx="-27.362204724409" endy="-25.590551181102" width="3.9370078740157" />
    <line layer="TOP_SILKSCREEN" originx="-27.362204724409" originy="-25.590551181102" endx="-27.362204724409" endy="-25.590551181102" width="3.9370078740157" />
    <line layer="TOP_SILKSCREEN" originx="-27.362204724409" originy="-25.590551181102" endx="-27.362204724409" endy="25.590551181102" width="3.9370078740157" />
    <line layer="TOP_SILKSCREEN" originx="87.598425196849" originy="25.590551181102" endx="87.598425196849" endy="25.590551181102" width="3.9370078740157" />
    <line layer="TOP_SILKSCREEN" originx="87.598425196849" originy="25.590551181102" endx="87.598425196849" endy="-25.590551181102" width="3.9370078740157" />
    <line layer="TOP_SILKSCREEN" originx="87.598425196849" originy="-25.590551181102" endx="87.598425196849" endy="-25.590551181102" width="3.9370078740157" />
    <line layer="TOP_SILKSCREEN" originx="87.598425196849" originy="-25.590551181102" endx="87.598425196849" endy="25.590551181102" width="3.9370078740157" />
    <line layer="TOP_PLACE_BOUND" originx="-66.732283464566" originy="104.52755905512" endx="126.96850393701" endy="104.52755905512" width="3.9370078740157" />
    <line layer="TOP_PLACE_BOUND" originx="126.96850393701" originy="104.52755905512" endx="126.96850393701" endy="-149.6062992126" width="3.9370078740157" />
    <line layer="TOP_PLACE_BOUND" originx="126.96850393701" originy="-149.6062992126" endx="-66.732283464566" endy="-149.6062992126" width="3.9370078740157" />
    <line layer="TOP_PLACE_BOUND" originx="-66.732283464566" originy="-149.6062992126" endx="-66.732283464566" endy="104.52755905512" width="3.9370078740157" />
    <line layer="TOP_SILKSCREEN" originx="0" originy="-110.23622047244" endx="0" endy="-110.23622047244" width="7.8740157480314" />
    <arc layer="TOP_SILKSCREEN" originx="-7.102804783527E-15" originy="-108.26771653543" startangle="-90.0" sweepangle="180.0" radius="1.9685039370078" width="7.8740157480314" />
    <line layer="TOP_SILKSCREEN" originx="0" originy="-106.29921259842" endx="0" endy="-106.29921259842" width="7.8740157480314" />
    <arc layer="TOP_SILKSCREEN" originx="-7.102804783527E-15" originy="-108.26771653543" startangle="90.0" sweepangle="180.0" radius="1.9685039370078" width="7.8740157480314" />
    <line layer="TOP_SILKSCREEN" originx="0" originy="-110.23622047244" endx="0" endy="-110.23622047244" width="7.8740157480314" />
    <arc layer="TOP_SILKSCREEN" originx="-7.102804783527E-15" originy="-108.26771653543" startangle="-90.0" sweepangle="180.0" radius="1.9685039370078" width="7.8740157480314" />
  </footprint>
  <symbol name="MAX2611EUS+T" originx="0" originy="0">
    <line originx="200" originy="100" endx="1000" endy="100" width="0" />
    <line originx="1000" originy="-200" endx="1000" endy="100" width="0" />
    <line originx="1000" originy="-200" endx="200" endy="-200" width="0" />
    <line originx="200" originy="100" endx="200" endy="-200" width="0" />
    <sympin number="1" originx="200" originy="0" rotation="180" length="100" width="7.8740157480315" flipped="False">
      <text name="pinname" originx="230" originy="0" style="Default" rotation="0" justify="left" flipped="False" hidden="False" data="OUT" />
      <text name="pindes" originx="140" originy="20" style="Default" rotation="0" justify="lowerright" flipped="False" hidden="False" data="1" />
    </sympin>
    <sympin number="2" originx="200" originy="-100" rotation="180" length="100" width="7.8740157480315" flipped="False">
      <text name="pinname" originx="230" originy="-100" style="Default" rotation="0" justify="left" flipped="False" hidden="False" data="GND_1" />
      <text name="pindes" originx="140" originy="-80" style="Default" rotation="0" justify="lowerright" flipped="False" hidden="False" data="2" />
    </sympin>
    <sympin number="3" originx="1000" originy="-100" rotation="0" length="100" width="7.8740157480315" flipped="False">
      <text name="pinname" originx="970" originy="-100" style="Default" rotation="0" justify="right" flipped="False" hidden="False" data="IN" />
      <text name="pindes" originx="1060" originy="-80" style="Default" rotation="0" justify="lowerleft" flipped="False" hidden="False" data="3" />
    </sympin>
    <sympin number="4" originx="1000" originy="0" rotation="0" length="100" width="7.8740157480315" flipped="False">
      <text name="pinname" originx="970" originy="0" style="Default" rotation="0" justify="right" flipped="False" hidden="False" data="GND_2" />
      <text name="pindes" originx="1060" originy="20" style="Default" rotation="0" justify="lowerleft" flipped="False" hidden="False" data="4" />
    </sympin>
  </symbol>
  <component name="MAX2611EUS+T" designatorprefix="IC" height="48.031496062992" footprint="MAX2611EUST">
    <comppin designator="1" sympin="1" pinswap="0" gateswap="0" gate="1" group="1" side="" type="Any" name="OUT" />
    <comppin designator="2" sympin="2" pinswap="0" gateswap="0" gate="1" group="1" side="" type="Any" name="GND_1" />
    <comppin designator="3" sympin="3" pinswap="0" gateswap="0" gate="1" group="1" side="" type="Any" name="IN" />
    <comppin designator="4" sympin="4" pinswap="0" gateswap="0" gate="1" group="1" side="" type="Any" name="GND_2" />
    <attached_symbol gate="1" name="MAX2611EUS+T" />
    <pinmap designator="1" footprintpin="1" />
    <pinmap designator="2" footprintpin="2" />
    <pinmap designator="3" footprintpin="3" />
    <pinmap designator="4" footprintpin="4" />
    <text name="Datasheet" originx="0" originy="0" style="Default" rotation="0" justify="" flipped="False" hidden="True" data="" />
    <text name="Description" originx="0" originy="0" style="Default" rotation="0" justify="" flipped="False" hidden="True" data="RF Amplifier DC-to-Microwave, Low-Noise Amplifier" />
    <text name="Mouser Part Number" originx="0" originy="0" style="Default" rotation="0" justify="" flipped="False" hidden="True" data="700-MAX2611EUS+T" />
    <text name="Mouser Price/Stock" originx="0" originy="0" style="Default" rotation="0" justify="" flipped="False" hidden="True" data="https://www.mouser.co.uk/ProductDetail/Maxim-Integrated/MAX2611EUS%2bT?qs=GxOUx7aO6nzhsdyrBwYTYA%3D%3D" />
    <text name="Manufacturer_Name" originx="0" originy="0" style="Default" rotation="0" justify="" flipped="False" hidden="True" data="Analog Devices" />
    <text name="Manufacturer_Part_Number" originx="1050" originy="200" style="Default" rotation="0" justify="left" flipped="False" hidden="False" data="MAX2611EUS+T" />
  </component>
</quadcept_library>
